<?xml version="1.0" encoding="UTF-8"?>
<project-private xmlns="http://www.netbeans.org/ns/project-private/1">
    <editor-bookmarks xmlns="http://www.netbeans.org/ns/editor-bookmarks/2" lastBookmarkId="0"/>
    <open-files xmlns="http://www.netbeans.org/ns/projectui-open-files/2">
        <group>
            <file>file:/var/www/html/codeigniter/ProjetOffresStage/src/projetoffresstage/GestionOffresStage.java</file>
            <file>file:/var/www/html/codeigniter/ProjetOffresStage/src/projetoffresstage/MenuCreationEntreprise.java</file>
            <file>file:/var/www/html/codeigniter/ProjetOffresStage/src/projetoffresstage/OffreStage.java</file>
            <file>file:/var/www/html/codeigniter/ProjetOffresStage/src/projetoffresstage/Entreprise.java</file>
            <file>file:/var/www/html/codeigniter/ProjetOffresStage/src/projetoffresstage/MainProjet.java</file>
        </group>
    </open-files>
</project-private>
